Lab code	Sample_category	Stall_corrected	Sample_Type	Run	Read_pairs_after_trimming	spots	bases	spots_with_mates	avgLength	download_path	LibraryName	LibraryNameFixed	LibraryStrategy	LibrarySource	LibraryLayout	Platform	Model	RunHash	ReadHash
1-29-23	market_east_late	East|11|9	market_metagenome	SRR23971543	25943406	507523380	101504676000	507523380	200	https://sra-pub-run-odp.s3.amazonaws.com/sra/SRR23971543/SRR23971543	Env_0701	Env_0701	RNA-Seq	METAGENOMIC	PAIRED	BGISEQ	DNBSEQ-T7	A24D903662DA8FDD0E9E59DD7C555B3B	A2BABCC7FDA5ED90AD6AA52CD25AC68A
1-29-4	market_east_drain	East|4|5-7-9	market_metagenome	SRR23971586	88729366	99509867	19901973400	99509867	200	https://sra-pub-run-odp.s3.amazonaws.com/sra/SRR23971586/SRR23971586	Env_0682	Env_0682	RNA-Seq	METAGENOMIC	PAIRED	BGISEQ	DNBSEQ-T7	4DD8506C39AE940EC2B9F3FF6AB2DC4C	7899029A65F4A0B649461F1A7279BD76
1-29-8	market_east_drain	East|5|11	market_metagenome	SRR23971455	3830937	179515416	35903083200	179515416	200	https://sra-pub-run-odp.s3.amazonaws.com/sra/SRR23971455/SRR23971455	Env_0686	Env_0686	RNA-Seq	METAGENOMIC	PAIRED	BGISEQ	DNBSEQ-T7	298EAF2D0100B1E4F7DF4C0EC53EEBDE	54C80F41536A058C56D5D9E191563026
E61	market_east_Jan1	East|6|1-3	market_metagenome	SRR23971576	132859495	136549145	27309829000	136549145	200	https://sra-pub-run-odp.s3.amazonaws.com/sra/SRR23971576/SRR23971576	Env_0275	Env_0275	RNA-Seq	METAGENOMIC	PAIRED	BGISEQ	DNBSEQ-T7	5249CF890FB6061BC5DB229D6C9C01AD	88D8D52E500126343E7C1988F75C6F8B
E48	market_east_Jan1	East|9|22	market_metagenome	SRR23971575	161070549	163631660	32726332000	163631660	200	https://sra-pub-run-odp.s3.amazonaws.com/sra/SRR23971575/SRR23971575	Env_0262	Env_0262	RNA-Seq	METAGENOMIC	PAIRED	BGISEQ	DNBSEQ-T7	9329BF7A1C6A71849BEF98C45644E446	4097BEBBA8E66046A44B193B9C5F78D0
1-29-19	market_east_drain	East|9|35	east_drain	SRR23971435	14706882	521392260	104278452000	521392260	200	https://sra-pub-run-odp.s3.amazonaws.com/sra/SRR23971435/SRR23971435	Env_0697	Env_0697	RNA-Seq	METAGENOMIC	PAIRED	BGISEQ	DNBSEQ-T7	05926873F135DACA09CFE6D321F458E7	FE9AB652BA6E4E5375067D093A073DBF
E-A-7-1	market_east_late	East|Accessory Street|7	other_metagenome	SRR23971441	141626834	142093257	28418651400	142093257	200	https://sra-pub-run-odp.s3.amazonaws.com/sra/SRR23971441/SRR23971441	Env_0858	Env_0858	RNA-Seq	METAGENOMIC	PAIRED	BGISEQ	DNBSEQ-T7	409B32D3DA388A55C15B213B50B6B1F3	223A1D35FAEA6026AAADFFE4A891FE02
EWS-2#-2	market_sewage_east	East|NA|NA	sewage_metagenome	SRR23971492	225917807	274010262	13700513100	0	50	https://sra-pub-run-odp.s3.amazonaws.com/sra/SRR23971492/SRR23971492	Env_0813	Env_0813	RNA-Seq	METAGENOMIC	SINGLE	BGISEQ	DNBSEQ-T7	0573B42EB2B1A62ABCA4331B26866B5E	886C88AF62C4934A33EBD0C8BE278BE9
EWS-3#-2	market_sewage_east	East|NA|NA	sewage_metagenome	SRR23971493	149316907	149515358	29903071600	149515358	200	https://sra-pub-run-odp.s3.amazonaws.com/sra/SRR23971493/SRR23971493	Env_0815	Env_0815	RNA-Seq	METAGENOMIC	PAIRED	BGISEQ	DNBSEQ-T7	34F6E7B44E0AF84CE6460366E5F9DF32	D5A4088FE88D6213FF0ACEC32EFAA746
WS-3-1	market_sewage_east	East|NA|NA	sewage_metagenome	SRR23971553	52421134	62804120	12560824000	62804120	200	https://sra-pub-run-odp.s3.amazonaws.com/sra/SRR23971553/SRR23971553	Env_0749	Env_0749	RNA-Seq	METAGENOMIC	PAIRED	BGISEQ	DNBSEQ-T7	5E0FD4B27E9AFD26A914F106D2043A82	2B24708738927013D96BACD56B27982D
WS-4-1	market_sewage_east	East|NA|NA	sewage_metagenome	SRR23971554	47105712	61565583	12313116600	61565583	200	https://sra-pub-run-odp.s3.amazonaws.com/sra/SRR23971554/SRR23971554	Env_0751	Env_0751	RNA-Seq	METAGENOMIC	PAIRED	BGISEQ	DNBSEQ-T7	88BF41BE42E6866E570139BE108F185B	373EEA5A6F1D0C5F4969A6E460361FA1
EWS-3#-2	single_end_duplicate	East|NA|NA	sewage_metagenome	SRR23971556	68506541	105847775	5292388750	0	50	https://sra-pub-run-odp.s3.amazonaws.com/sra/SRR23971556/SRR23971556	Env_0815_SE	Env_0815	RNA-Seq	METAGENOMIC	SINGLE	BGISEQ	DNBSEQ-T7	2DE40E843FA1A133EEFBB9D16DB76DDA	51E928BE4BF9CD512A078A857AA62275
WS-4-2	market_sewage_east	East|NA|NA	sewage_metagenome	SRR23971590	132530758	132785290	26557058000	132785290	200	https://sra-pub-run-odp.s3.amazonaws.com/sra/SRR23971590/SRR23971590	Env_0752	Env_0752	RNA-Seq	METAGENOMIC	PAIRED	BGISEQ	DNBSEQ-T7	DB3371560D994322EAF415A58F1431F2	9D4D8495F08F9B53226ED07F3D5F1881
HXJC4-1-2	non_market_sewage	NA	not_market	SRR23971436	222254307	336670514	67334102800	336670514	200	https://sra-pub-run-odp.s3.amazonaws.com/sra/SRR23971436/SRR23971436	Env_0801	Env_0801	RNA-Seq	METAGENOMIC	PAIRED	BGISEQ	DNBSEQ-T7	36A2D2F1D2356866A6011E196507DFE4	07E3B77A8C033CDBD85ED24F5B5E2B4A
CSSQ-1-3	non_market_sewage	NA	not_market	SRR23971460	173669114	416661746	83332349200	416661746	200	https://sra-pub-run-odp.s3.amazonaws.com/sra/SRR23971460/SRR23971460	Env_0790	Env_0790	RNA-Seq	METAGENOMIC	PAIRED	BGISEQ	DNBSEQ-T7	FB5111D07E384674FADEDD8336943EDD	0596E2942237B0AB7265F03A59505228
HXJC4-1-3	non_market_sewage	NA	not_market	SRR23971513	212238798	387683075	77536615000	387683075	200	https://sra-pub-run-odp.s3.amazonaws.com/sra/SRR23971513/SRR23971513	Env_0802	Env_0802	RNA-Seq	METAGENOMIC	PAIRED	BGISEQ	DNBSEQ-T7	1D7327DDF85619F206F8FB353E4C824A	3E6E25A8806BE488484F94EEDCE26853
HXJMHL-1-2	non_market_sewage	NA	not_market	SRR23971560	190855441	332987813	66597562600	332987813	200	https://sra-pub-run-odp.s3.amazonaws.com/sra/SRR23971560/SRR23971560	Env_0768	Env_0768	RNA-Seq	METAGENOMIC	PAIRED	BGISEQ	DNBSEQ-T7	16E7EAB3C07FE5BDC58CA0142BA1A5E9	C9371E68D76BA40A94159642BDCA50C4
JXRJ-1-1	non_market_sewage	NA	not_market	SRR23971561	42781167	398203568	79640713600	398203568	200	https://sra-pub-run-odp.s3.amazonaws.com/sra/SRR23971561/SRR23971561	Env_0770	Env_0770	RNA-Seq	METAGENOMIC	PAIRED	BGISEQ	DNBSEQ-T7	406FB6FB15C23957BA8E5A10C2845B1A	0BC6247422EBE6830A5F972C3C963494
CSSQ-1-1	non_market_sewage	NA	not_market	SRR23971562	94262081	207395132	41479026400	207395132	200	https://sra-pub-run-odp.s3.amazonaws.com/sra/SRR23971562/SRR23971562	Env_0788	Env_0788	RNA-Seq	METAGENOMIC	PAIRED	BGISEQ	DNBSEQ-T7	560D3F555A89D8446E4F0C76B544D655	9BCBF67E0B27554B99B22BF2C1614660
CSSQ-1-2	non_market_sewage	NA	not_market	SRR23971563	63369273	347504011	69500802200	347504011	200	https://sra-pub-run-odp.s3.amazonaws.com/sra/SRR23971563/SRR23971563	Env_0789	Env_0789	RNA-Seq	METAGENOMIC	PAIRED	BGISEQ	DNBSEQ-T7	4A77D0ED78B0DAD7D333138C442F8946	B9B5F2DEEB5F8AFBA9DD886F97208120
YCHC2-1-2	non_market_sewage	NA	not_market	SRR23971564	10735444	434026847	86805369400	434026847	200	https://sra-pub-run-odp.s3.amazonaws.com/sra/SRR23971564/SRR23971564	Env_0798	Env_0798	RNA-Seq	METAGENOMIC	PAIRED	BGISEQ	DNBSEQ-T7	CD3FFA5A2FCE3A4029491A97BEEDBDB7	ED8975AD94ACF1EBCD75F5CB95A22008
YCHC2-1-3	non_market_sewage	NA	not_market	SRR23971565	12140194	331316195	66263239000	331316195	200	https://sra-pub-run-odp.s3.amazonaws.com/sra/SRR23971565/SRR23971565	Env_0799	Env_0799	RNA-Seq	METAGENOMIC	PAIRED	BGISEQ	DNBSEQ-T7	5F32146C0D9906554F139C369617566F	6D47E38B3298DE0C0D3DA0F05227DB1D
HXJC4-1-1	non_market_sewage	NA	not_market	SRR23971566	95892317	283997285	56799457000	283997285	200	https://sra-pub-run-odp.s3.amazonaws.com/sra/SRR23971566/SRR23971566	Env_0800	Env_0800	RNA-Seq	METAGENOMIC	PAIRED	BGISEQ	DNBSEQ-T7	DD700B04516D2BDC40EFDDC113D488E6	2F6CBFCC4760B95C57545F325D304BBE
SJ-D	warehouse	Warehouse|8|25	other_metagenome	SRR23971515	76913724	77125159	15425031800	77125159	200	https://sra-pub-run-odp.s3.amazonaws.com/sra/SRR23971515/SRR23971515	Env_0862	Env_0862	RNA-Seq	METAGENOMIC	PAIRED	BGISEQ	DNBSEQ-T7	18E9768646314BF3DABA79033961F048	9F1FC9710ED666BD20321CC2E9030FFF
SJ-L3	warehouse	Warehouse|8|25	other_metagenome	SRR23971516	69020846	69066122	13813224400	69066122	200	https://sra-pub-run-odp.s3.amazonaws.com/sra/SRR23971516/SRR23971516	Env_0865	Env_0865	RNA-Seq	METAGENOMIC	PAIRED	BGISEQ	DNBSEQ-T7	CCC21A85C0D3EC50993A6DD936915D04	E2F38D7B12D114C9DAEB47B2BC7A58F2
RLC-3	warehouse	Warehouse|8|25	other_metagenome	SRR23971517	61231976	61428688	12285737600	61428688	200	https://sra-pub-run-odp.s3.amazonaws.com/sra/SRR23971517/SRR23971517	Env_0868	Env_0868	RNA-Seq	METAGENOMIC	PAIRED	BGISEQ	DNBSEQ-T7	29F3EA99ADCEFF4D56CE2D6830B9E24A	B1A2BE9CEBBAD8F4FA88179CA48723FE
1-27-12	market_west_drain	West|1|2	market_metagenome	SRR23971432	79773199	1019242197	203848439400	0	200	https://sra-pub-run-odp.s3.amazonaws.com/sra/SRR23971432/SRR23971432	Env_0643	Env_0643	RNA-Seq	METAGENOMIC	PAIRED	BGISEQ	DNBSEQ-T7	E27760D26A01F4911008E4301DBFB641	70DFA87EE59C526AD743326188B7297E
w-zong-1	market_west_drain	West|1|NA	sewage_metagenome	SRR23971499	422771378	433163214	21658160700	0	50	https://sra-pub-run-odp.s3.amazonaws.com/sra/SRR23971499/SRR23971499	Env_0829	Env_0829	RNA-Seq	METAGENOMIC	SINGLE	BGISEQ	DNBSEQ-T7	0B8DAEA47A7F4840C619BBE6FDCC18C8	9EBF5AF5052239BC3A5BCE87158A369D
wws-1#-0	market_sewage_west	West|1|NA	sewage_metagenome	SRR23971501	166551319	166712925	33342585000	166712925	200	https://sra-pub-run-odp.s3.amazonaws.com/sra/SRR23971501/SRR23971501	Env_0830	Env_0830	RNA-Seq	METAGENOMIC	PAIRED	BGISEQ	DNBSEQ-T7	18151BA433F760EE569B32D0E59FFC45	3E245589CAE0DCD68C4EC552557900FD
wws-1#-0	single_end_duplicate	West|1|NA	sewage_metagenome	SRR23971592	125673628	174771713	8738585650	0	50	https://sra-pub-run-odp.s3.amazonaws.com/sra/SRR23971592/SRR23971592	Env_0830_SE	Env_0830	RNA-Seq	METAGENOMIC	SINGLE	BGISEQ	DNBSEQ-T7	B583557EC4F188A36B772AEDC2905CFB	9EB07F491293DA513F159D93E6DC791A
E-10-29-2	market_west_late	West|10|29	market_metagenome	SRR23971440	92089136	92676734	18535346800	92676734	200	https://sra-pub-run-odp.s3.amazonaws.com/sra/SRR23971440/SRR23971440	Env_0856	Env_0856	RNA-Seq	METAGENOMIC	PAIRED	BGISEQ	DNBSEQ-T7	38CBDE8B7424FE08057FD0D6F5473549	D5B61F5572560CBC1F1E101762388C4D
10-31-In2	market_west_late	West|10|31	market_metagenome	SRR23971428	15419504	352064248	70412849600	352064248	200	https://sra-pub-run-odp.s3.amazonaws.com/sra/SRR23971428/SRR23971428	Env_0617	Env_0617	RNA-Seq	METAGENOMIC	PAIRED	BGISEQ	DNBSEQ-T7	CFB8CDFAD4694932D2DBFF24ED0876ED	84088D52F9072DD037F3671F23BA1656
10-31-abv2	market_west_late	West|10|31	market_metagenome	SRR23971429	7293329	680416198	136083239600	680416198	200	https://sra-pub-run-odp.s3.amazonaws.com/sra/SRR23971429/SRR23971429	Env_0619	Env_0619	RNA-Seq	METAGENOMIC	PAIRED	BGISEQ	DNBSEQ-T7	22E3E3CDFAF4CE4C20396F8617EFDF8B	FA129B599820BEC19640F15544D8D877
1-27-37	market_west_drain	West|10|4	market_metagenome	SRR23971585	6084103	15809060	3161812000	15809060	200	https://sra-pub-run-odp.s3.amazonaws.com/sra/SRR23971585/SRR23971585	Env_0664	Env_0664	RNA-Seq	METAGENOMIC	PAIRED	BGISEQ	DNBSEQ-T7	AF012F09FEDA1593826384E46AD99C61	1302D6E733108AE31C8BAA10FAA4D4F0
F13	market_west_Jan1	West|11|15	sars2_amplicon	SRR23971473	2493362	2611482	678883318	2611482	259	https://sra-pub-run-odp.s3.amazonaws.com/sra/SRR23971473/SRR23971473	Env_0313_seq05	Env_0313	WGS	VIRAL RNA	PAIRED	ILLUMINA	NextSeq 550	E09AE451FD1727E96099F46C95D4E706	B31788FBAE167BCC47C71BA3CDBBC503
F13	market_west_Jan1	West|11|15	market_metagenome	SRR23971580	13638711	97030601	19406120200	97030601	200	https://sra-pub-run-odp.s3.amazonaws.com/sra/SRR23971580/SRR23971580	Env_0313/Env_0313_seq02	Env_0313	RNA-Seq	METAGENOMIC	PAIRED	BGISEQ	DNBSEQ-T7	F1826F3016FE60A61BD68D728412E942	6157E02EBF7B78BD20FFDD1878036D58
F13	market_west_Jan1	West|11|15	sars2_amplicon	SRR23971591	1643872	1671082	472532826	1671082	282	https://sra-pub-run-odp.s3.amazonaws.com/sra/SRR23971591/SRR23971591	Env_0313_seq04	Env_0313	WGS	VIRAL RNA	PAIRED	ILLUMINA	NextSeq 550	C3F8EDA4963BEC18D2412197B44CFB26	F54C35E2961081A4E8F7F0685D6ED19A
D32	market_west_Jan1	West|15|15	market_metagenome	SRR23971574	53994921	98697418	19739483600	98697418	200	https://sra-pub-run-odp.s3.amazonaws.com/sra/SRR23971574/SRR23971574	Env_0213	Env_0213	RNA-Seq	METAGENOMIC	PAIRED	BGISEQ	DNBSEQ-T7	143164453B8946A8478CA27F25DB8725	A9BD38EC6BAB037A44563B745959B22F
1-27-52	market_west_drain	West|15|22	market_metagenome	SRR23971434	19010745	350594448	70118889600	350594448	200	https://sra-pub-run-odp.s3.amazonaws.com/sra/SRR23971434/SRR23971434	Env_0674	Env_0674	RNA-Seq	METAGENOMIC	PAIRED	BGISEQ	DNBSEQ-T7	1E813C3219ECC9A23433EF24C83BECCC	BDF26ADC5C717848BBAA3BB0CDD822FA
B17	market_west_Jan1	West|15|44	market_metagenome	SRR23971572	103826944	106561887	21312377400	106561887	200	https://sra-pub-run-odp.s3.amazonaws.com/sra/SRR23971572/SRR23971572	Env_0138	Env_0138	RNA-Seq	METAGENOMIC	PAIRED	BGISEQ	DNBSEQ-T7	817D71D395282D25A4AD9E254A44C990	70233DB23BC07A1402EE4C2ECE1329B6
F54	market_west_Jan1	West|2|14	sars2_amplicon	SRR23971416	1955793	1991973	298453604	1991973	149	https://sra-pub-run-odp.s3.amazonaws.com/sra/SRR23971416/SRR23971416	Env_0354_seq07	Env_0354	WGS	VIRAL RNA	PAIRED	ILLUMINA	NextSeq 550	85C9123EA519DE4BE9E28ECB3B5648E8	8FFCAAE2682D34FEBC58D24B6266CA18
F54	market_west_Jan1	West|2|14	market_metagenome	SRR23971582	67764715	81933090	16386618000	81933090	200	https://sra-pub-run-odp.s3.amazonaws.com/sra/SRR23971582/SRR23971582	Env_0354/Env_0354_seq03	Env_0354	RNA-Seq	METAGENOMIC	PAIRED	BGISEQ	DNBSEQ-T7	BA9BD55DF4AF335E4BCDBED84D275287	2B9417B083E2A246254006F7270CD9D3
F46	market_west_Jan1	West|2|24	market_metagenome	SRR23971581	179304826	185800744	37160148800	185800744	200	https://sra-pub-run-odp.s3.amazonaws.com/sra/SRR23971581/SRR23971581	Env_0346	Env_0346	RNA-Seq	METAGENOMIC	PAIRED	BGISEQ	DNBSEQ-T7	831525B38516C30095CF6BC1FBF4D3BF	1DFC53A80192B23C3A30F0AF73C64A13
E7	market_west_Jan1	West|2|5	market_metagenome	SRR23971578	108774391	118618283	23723656600	118618283	200	https://sra-pub-run-odp.s3.amazonaws.com/sra/SRR23971578/SRR23971578	Env_0221	Env_0221	RNA-Seq	METAGENOMIC	PAIRED	BGISEQ	DNBSEQ-T7	834C4C1698D2EA0F62AB87E937C77564	7B85F73D29777A97A44D7BA4DEA3E9B0
1-27-11	market_west_drain	West|3|13	market_metagenome	SRR23971431	19897200	264283923	52856784600	264283923	200	https://sra-pub-run-odp.s3.amazonaws.com/sra/SRR23971431/SRR23971431	Env_0642	Env_0642	RNA-Seq	METAGENOMIC	PAIRED	BGISEQ	DNBSEQ-T7	A4946F62CFE4F34B71543DEBC37E55CE	739DE1A017EAD9929D169523FA12ACD7
1-27-11	single_end_duplicate	West|3|13	market_metagenome	SRR23971593	17506835	293232572	14661628600	0	50	https://sra-pub-run-odp.s3.amazonaws.com/sra/SRR23971593/SRR23971593	Env_0642_SE	Env_0642	RNA-Seq	METAGENOMIC	SINGLE	BGISEQ	DNBSEQ-T7	D46AA83AB73889750D00EAB31BD9497A	1886E56982DDD63E63BD6B8A28B0590D
A101	market_west_Jan1	West|4|19	market_metagenome	SRR23971502	63774980	76107309	15221461800	76107309	200	https://sra-pub-run-odp.s3.amazonaws.com/sra/SRR23971502/SRR23971502	Env_0101	Env_0101	RNA-Seq	METAGENOMIC	PAIRED	BGISEQ	DNBSEQ-T7	77F7E6DBFCEA8308EA9E9AD4BEA41CE6	03D5F9854650C4F7825A5CD8B26A126C
A96	market_west_Jan1	West|4|24	market_metagenome	SRR23971571	177277042	186587110	37317422000	186587110	200	https://sra-pub-run-odp.s3.amazonaws.com/sra/SRR23971571/SRR23971571	Env_0096	Env_0096	RNA-Seq	METAGENOMIC	PAIRED	BGISEQ	DNBSEQ-T7	ECC518894B8EA087827D63E1773F5571	F746B497E37A64907ABA57024CB1CEAE
A14	market_west_Jan1	West|4|26	market_metagenome	SRR23971503	106393221	112376679	22475335800	112376679	200	https://sra-pub-run-odp.s3.amazonaws.com/sra/SRR23971503/SRR23971503	Env_0014	Env_0014	RNA-Seq	METAGENOMIC	PAIRED	BGISEQ	DNBSEQ-T7	563F2BD3B8228AB0B24AB53CA02FD4E1	0EE64DDA28A18E58EBD212BB53A61E59
A15	market_west_Jan1	West|4|26	market_metagenome	SRR23971504	6297564	62739972	12547994400	62739972	200	https://sra-pub-run-odp.s3.amazonaws.com/sra/SRR23971504/SRR23971504	Env_0015	Env_0015	RNA-Seq	METAGENOMIC	PAIRED	BGISEQ	DNBSEQ-T7	6F1AA4844C7CC53CEC1A173590B874B3	7FD1CD7FA0BA0B0917B76767E8809409
A90	market_west_Jan1	West|4|26	market_metagenome	SRR23971570	127674572	132235686	26447137200	132235686	200	https://sra-pub-run-odp.s3.amazonaws.com/sra/SRR23971570/SRR23971570	Env_0090	Env_0090	RNA-Seq	METAGENOMIC	PAIRED	BGISEQ	DNBSEQ-T7	0C4B45C64595A7BAA55D4768903252CB	EBA55F5599526C998E8FE3E4DBDE9138
A87	market_west_Jan1	West|4|28	market_metagenome	SRR23971567	76669572	117331188	23466237600	117331188	200	https://sra-pub-run-odp.s3.amazonaws.com/sra/SRR23971567/SRR23971567	Env_0087	Env_0087	RNA-Seq	METAGENOMIC	PAIRED	BGISEQ	DNBSEQ-T7	A75DBA0DEC43799AC0A78C212358746B	07A864AEB690CA41306AF636E1364853
A88	market_west_Jan1	West|4|28	market_metagenome	SRR23971569	97550212	99451559	19890311800	99451559	200	https://sra-pub-run-odp.s3.amazonaws.com/sra/SRR23971569/SRR23971569	Env_0088	Env_0088	RNA-Seq	METAGENOMIC	PAIRED	BGISEQ	DNBSEQ-T7	49E71AEE128C562DD74604FA8AE07FE7	1BDF0B3EA980EAE0AFA39021E3CF9771
F100	market_west_Jan1	West|4|X4-X6	market_metagenome	SRR23971579	128438255	130022604	26004520800	130022604	200	https://sra-pub-run-odp.s3.amazonaws.com/sra/SRR23971579/SRR23971579	Env_0400	Env_0400	RNA-Seq	METAGENOMIC	PAIRED	BGISEQ	DNBSEQ-T7	B32948D64FE1264291B749BC2F76C5D8	31B8FA3627E6BAE0F5C142E8464A0884
F98	market_west_Jan1	West|4|X4-X6	market_metagenome	SRR23971583	193469594	200564637	40112927400	200564637	200	https://sra-pub-run-odp.s3.amazonaws.com/sra/SRR23971583/SRR23971583	Env_0398	Env_0398	RNA-Seq	METAGENOMIC	PAIRED	BGISEQ	DNBSEQ-T7	23B01AA8CB3E1FBEEF7755C373A8DC18	C63CA7553ED93684D6587DA2732D6B1C
B5	market_west_Jan1	West|5|6-8	sars2_amplicon	SRR23971484	2168383	2209862	330937595	2209862	149	https://sra-pub-run-odp.s3.amazonaws.com/sra/SRR23971484/SRR23971484	Env_0126_seq06	Env_0126	WGS	VIRAL RNA	PAIRED	ILLUMINA	NextSeq 550	18036E09FAB54F140C5F2E10079F5786	D8772C5AD745ED7198554A2E767EF94C
B5	market_west_Jan1	West|5|6-8	market_metagenome	SRR23971573	110712113	114732235	22946447000	114732235	200	https://sra-pub-run-odp.s3.amazonaws.com/sra/SRR23971573/SRR23971573	Env_0126	Env_0126	RNA-Seq	METAGENOMIC	PAIRED	BGISEQ	DNBSEQ-T7	467CC467F1EB26D5510B9C7ED6A3E6CA	F3749ACC381A68849B60A7CD2EF8E247
C9_2	market_west_late	West|5|NA	other_metagenome	SRR23971437	160659350	161136918	32227383600	161136918	200	https://sra-pub-run-odp.s3.amazonaws.com/sra/SRR23971437/SRR23971437	Env_0839	Env_0839	RNA-Seq	METAGENOMIC	PAIRED	BGISEQ	DNBSEQ-T7	10B8F94D4115CC2291289F5711EB2E1A	73D41C758BE7BA543AE0A0F801F7BB5E
C12_2	market_west_late	West|5|NA	other_metagenome	SRR23971438	85871022	86334015	17266803000	86334015	200	https://sra-pub-run-odp.s3.amazonaws.com/sra/SRR23971438/SRR23971438	Env_0842	Env_0842	RNA-Seq	METAGENOMIC	PAIRED	BGISEQ	DNBSEQ-T7	ADAFEE31D4C6E2DE7969D9501FB5B95C	6C4364D7F1843E6CF789C7B05F38AA0B
Outside-5	market_west_drain	West|5|NA	other_metagenome	SRR23971559	104056501	337758145	67551629000	337758145	200	https://sra-pub-run-odp.s3.amazonaws.com/sra/SRR23971559/SRR23971559	Env_0759	Env_0759	RNA-Seq	METAGENOMIC	PAIRED	BGISEQ	DNBSEQ-T7	782E139058021F1B338C4FF67A2CFE26	9BD94E8CF3010C2CEA3DE1D9BFB29118
06-29-abv1	market_629_late	West|6|29	market_metagenome	SRR23971430	77567313	539507482	107901496400	539507482	200	https://sra-pub-run-odp.s3.amazonaws.com/sra/SRR23971430/SRR23971430	Env_0620	Env_0620	RNA-Seq	METAGENOMIC	PAIRED	BGISEQ	DNBSEQ-T7	AC46D2A4A2DE7FABD391436829E59B29	7BD20E82EEA0106F6B4F9C75E5D58EBD
629-1-L1	market_629_late	West|6|29	market_metagenome	SRR23971443	125621721	126205547	25241109400	126205547	200	https://sra-pub-run-odp.s3.amazonaws.com/sra/SRR23971443/SRR23971443	Env_0875	Env_0875	RNA-Seq	METAGENOMIC	PAIRED	BGISEQ	DNBSEQ-T7	716A77887374ED26E9ACBBFDC2B7B21F	EE0A2523900EDC44EB482285C74A7077
629-3-C	market_629_late	West|6|29	market_metagenome	SRR23971444	125098899	125353466	25070693200	125353466	200	https://sra-pub-run-odp.s3.amazonaws.com/sra/SRR23971444/SRR23971444	Env_0877	Env_0877	RNA-Seq	METAGENOMIC	PAIRED	BGISEQ	DNBSEQ-T7	1C9E825C5D6BEB4BD8E1AA3C641D4748	908C981CD5982743D540B934C1BE5EDE
629-5-L4	market_629_late	West|6|29	market_metagenome	SRR23971445	70207376	71378702	14275740400	71378702	200	https://sra-pub-run-odp.s3.amazonaws.com/sra/SRR23971445/SRR23971445	Env_0879	Env_0879	RNA-Seq	METAGENOMIC	PAIRED	BGISEQ	DNBSEQ-T7	A71C68036F26DE00E8A8ABB543F6A422	E407E8F0E6CC1313D98335F4443C7DE7
629-8-L7	market_629_late	West|6|29	market_metagenome	SRR23971447	159901308	161971619	32394323800	161971619	200	https://sra-pub-run-odp.s3.amazonaws.com/sra/SRR23971447/SRR23971447	Env_0882	Env_0882	RNA-Seq	METAGENOMIC	PAIRED	BGISEQ	DNBSEQ-T7	649957E98002EA6741BA3A4DDAD12C6F	5E1F2D56081F649A82FF7D38D4B9C7D4
629-11-L	market_629_late	West|6|29	market_metagenome	SRR23971452	141706660	141989961	28397992200	141989961	200	https://sra-pub-run-odp.s3.amazonaws.com/sra/SRR23971452/SRR23971452	Env_0885	Env_0885	RNA-Seq	METAGENOMIC	PAIRED	BGISEQ	DNBSEQ-T7	0DBBE2068CDD3DC8A30856B6E815129B	3031E9504BCE1E349226855E20ECF481
629-13-L	market_629_late	West|6|29	market_metagenome	SRR23971489	75494601	75800744	15160148800	75800744	200	https://sra-pub-run-odp.s3.amazonaws.com/sra/SRR23971489/SRR23971489	Env_0887	Env_0887	RNA-Seq	METAGENOMIC	PAIRED	BGISEQ	DNBSEQ-T7	C02EDA90D408FC19E3675C6144E1A55E	C2D32B0707689D1E60C3E48EB4483C3C
629-L-1	market_629_late	West|6|29	market_metagenome	SRR23971500	74081065	74517474	14903494800	74517474	200	https://sra-pub-run-odp.s3.amazonaws.com/sra/SRR23971500/SRR23971500	Env_0889	Env_0889	RNA-Seq	METAGENOMIC	PAIRED	BGISEQ	DNBSEQ-T7	95CE5C9EC3463C367BCCB4206F3B9B4C	615399AB0195797E45934B3D7E6BE17B
CCDC-744	market_629_late	West|6|29	market_metagenome	SRR23971511	111986451	112138198	22427639600	112138198	200	https://sra-pub-run-odp.s3.amazonaws.com/sra/SRR23971511/SRR23971511	Env_0893	Env_0893	RNA-Seq	METAGENOMIC	PAIRED	BGISEQ	DNBSEQ-T7	CC5CBF8526674B6F5CA6798EA046343A	8618F41B19FE2F0FBB06D848F6DEA8D7
CCDC-746	market_629_late	West|6|29	market_metagenome	SRR23971577	94719953	94882266	18976453200	94882266	200	https://sra-pub-run-odp.s3.amazonaws.com/sra/SRR23971577/SRR23971577	Env_0895	Env_0895	RNA-Seq	METAGENOMIC	PAIRED	BGISEQ	DNBSEQ-T7	2F6C9357C9A90B4E4EE168635387DCC1	CD3817E8D76CE3B0F922ACE1C9EA1123
HJ200062-20200112-1	market_629_Jan12	West|6|29-31-33	market_metagenome	SRR23971422	175229519	176977976	7610052968	0	43	https://sra-pub-run-odp.s3.amazonaws.com/sra/SRR23971422/SRR23971422	Env_0577	Env_0577	RNA-Seq	METAGENOMIC	SINGLE	BGISEQ	DNBSEQ-T7	468B4CAB8D9F42683E55D078D394A292	F704621D83BBF42B4603B638A3558B36
HJ200063-20200112-1	market_629_Jan12	West|6|29-31-33	market_metagenome	SRR23971423	119551288	122590302	5271382986	0	43	https://sra-pub-run-odp.s3.amazonaws.com/sra/SRR23971423/SRR23971423	Env_0578	Env_0578	RNA-Seq	METAGENOMIC	SINGLE	BGISEQ	DNBSEQ-T7	4EF9D50059FE3CB09AD23327C4E7425D	EA5DC2219AB5587026563686745534BB
HJ200065-20200112-1	market_629_Jan12	West|6|29-31-33	market_metagenome	SRR23971424	68950102	104020347	4472874921	0	43	https://sra-pub-run-odp.s3.amazonaws.com/sra/SRR23971424/SRR23971424	Env_0580	Env_0580	RNA-Seq	METAGENOMIC	SINGLE	BGISEQ	DNBSEQ-T7	A45A3EF6743BC55F68D7175E29088522	1C17D29662D257DD67CCD6367F1791A4
HJ200066-20200112-1	market_629_Jan12	West|6|29-31-33	market_metagenome	SRR23971425	140539706	142862977	6143108011	0	43	https://sra-pub-run-odp.s3.amazonaws.com/sra/SRR23971425/SRR23971425	Env_0581	Env_0581	RNA-Seq	METAGENOMIC	SINGLE	BGISEQ	DNBSEQ-T7	C64CC7C565D8134C5006AAFFAF29B6CE	05D6F7AF1B7524F47D3E8F88FF495AFB
HJ200067-20200112-1	market_629_Jan12	West|6|29-31-33	market_metagenome	SRR23971426	76512192	77126276	3316429868	0	43	https://sra-pub-run-odp.s3.amazonaws.com/sra/SRR23971426/SRR23971426	Env_0582	Env_0582	RNA-Seq	METAGENOMIC	SINGLE	BGISEQ	DNBSEQ-T7	B4F4DE963521F63F36513DC07472D500	55ED50659DE816C88DAC019E9EE336F1
Q61	market_629_Jan12	West|6|29-31-33	market_metagenome	SRR23971449	205291993	213214887	9168240141	0	43	https://sra-pub-run-odp.s3.amazonaws.com/sra/SRR23971449/SRR23971449	Env_0576	Env_0576	RNA-Seq	METAGENOMIC	SINGLE	BGISEQ	DNBSEQ-T7	F65B3594DF2BE9D5588B9FD11B83110C	ADAC3496661FF55AC89D41DE04175F21
Q64	market_629_Jan12	West|6|29-31-33	market_metagenome	SRR23971450	118606094	120407578	5177525854	0	43	https://sra-pub-run-odp.s3.amazonaws.com/sra/SRR23971450/SRR23971450	Env_0579	Env_0579	RNA-Seq	METAGENOMIC	SINGLE	BGISEQ	DNBSEQ-T7	63587C7EB306A8282925E4E0AFB82748	22806BC9012B59716751CCBD8AF543DE
Q68	market_629_Jan12	West|6|29-31-33	market_metagenome	SRR23971451	84998480	110003167	4730136181	0	43	https://sra-pub-run-odp.s3.amazonaws.com/sra/SRR23971451/SRR23971451	Env_0583	Env_0583	RNA-Seq	METAGENOMIC	SINGLE	BGISEQ	DNBSEQ-T7	8EDD56C9B5F54830AA0880093E5A1591	651153A53212388896CFC89E43209E22
Q69	market_629_Jan12	West|6|29-31-33	market_metagenome	SRR23971453	96083531	106780574	4591564682	0	43	https://sra-pub-run-odp.s3.amazonaws.com/sra/SRR23971453/SRR23971453	Env_0584	Env_0584	RNA-Seq	METAGENOMIC	SINGLE	BGISEQ	DNBSEQ-T7	BA96E2FF3B7883EB271E8D3CB4703C84	1CC411B419CBA2E29716E4B42D4A8EC6
Q70	market_629_Jan12	West|6|29-31-33	market_metagenome	SRR23971454	145128626	149217177	6416338611	0	43	https://sra-pub-run-odp.s3.amazonaws.com/sra/SRR23971454/SRR23971454	Env_0585	Env_0585	RNA-Seq	METAGENOMIC	SINGLE	BGISEQ	DNBSEQ-T7	76878359D291BCE5643F13D9B84F1BBD	DF6E6250BE24565FAC8BAE2DE19577B4
w-6-29-33	single_end_duplicate	West|6|29-33	market_metagenome	SRR23971446	129123143	141210150	7060507500	0	50	https://sra-pub-run-odp.s3.amazonaws.com/sra/SRR23971446/SRR23971446	Env_0828_SE	Env_0828	RNA-Seq	METAGENOMIC	SINGLE	BGISEQ	DNBSEQ-T7	99B2F2F3AA6928315A3DEC6C4F0C8C90	60CE856E797F5B964FC1CD0943F1CF63
w-6-29-33	market_west_drain	West|6|29-33	market_metagenome	SRR23971498	112964949	113263909	22652781800	113263909	200	https://sra-pub-run-odp.s3.amazonaws.com/sra/SRR23971498/SRR23971498	Env_0828	Env_0828	RNA-Seq	METAGENOMIC	PAIRED	BGISEQ	DNBSEQ-T7	568EF4E59C77978F8EEB3D4F9A048E55	8E48A4E6FC6688F17F4BABC19AF07354
1-27-33	market_west_drain	West|6|29-33	market_metagenome	SRR23971584	44639948	46362371	9272474200	46362371	200	https://sra-pub-run-odp.s3.amazonaws.com/sra/SRR23971584/SRR23971584	Env_0660	Env_0660	RNA-Seq	METAGENOMIC	PAIRED	BGISEQ	DNBSEQ-T7	2A9903ABE59DDA32B72705508C1966BD	FACCD24C33EFE472B088A5DAE928C382
C17_2	market_west_late	West|6|34	market_metagenome	SRR23971439	57690758	57899048	11579809600	57899048	200	https://sra-pub-run-odp.s3.amazonaws.com/sra/SRR23971439/SRR23971439	Env_0847	Env_0847	RNA-Seq	METAGENOMIC	PAIRED	BGISEQ	DNBSEQ-T7	632C62F19161F7EEEEE3E00B811A61EF	1FE078EAE44F8D4F74F03A9D3C975698
A18	market_west_Jan1	West|7|15-17	market_metagenome	SRR23971505	152435643	156417687	31283537400	156417687	200	https://sra-pub-run-odp.s3.amazonaws.com/sra/SRR23971505/SRR23971505	Env_0018	Env_0018	RNA-Seq	METAGENOMIC	PAIRED	BGISEQ	DNBSEQ-T7	529985B8E6325A1F47D85B23AAE092C5	E66C65B97285FE79C0E723E64606394B
A2	market_west_Jan1	West|7|15-17	market_metagenome	SRR23971506	112658248	116146410	23229282000	116146410	200	https://sra-pub-run-odp.s3.amazonaws.com/sra/SRR23971506/SRR23971506	Env_0002	Env_0002	RNA-Seq	METAGENOMIC	PAIRED	BGISEQ	DNBSEQ-T7	74EAC5EE989483B4E5EF89C360C77EBB	E388F48BA38169651C87A9098A4C060A
A20	market_west_Jan1	West|7|15-17	market_metagenome	SRR23971507	73700199	75309132	15061826400	75309132	200	https://sra-pub-run-odp.s3.amazonaws.com/sra/SRR23971507/SRR23971507	Env_0020	Env_0020	RNA-Seq	METAGENOMIC	PAIRED	BGISEQ	DNBSEQ-T7	57A7BFE84149110BE553C2252229E6D7	6B5FE43D98E2CAC2C71D1B4A70F4092C
A20	market_west_Jan1	West|7|15-17	sars2_amplicon	SRR23971533	14880418	15329460	3065892000	15329460	200	https://sra-pub-run-odp.s3.amazonaws.com/sra/SRR23971533/SRR23971533	Env_0020_seq01	Env_0020	RNA-Seq	METAGENOMIC	PAIRED	BGISEQ	DNBSEQ-T7	D00A5C873FC90C9D6A99F8C6694CB70D	60493881DEA9EFF344C8D6A4845214BC
A63	market_west_Jan1	West|7|16-18	market_metagenome	SRR23971512	111399534	115975750	23195150000	115975750	200	https://sra-pub-run-odp.s3.amazonaws.com/sra/SRR23971512/SRR23971512	Env_0063	Env_0063	RNA-Seq	METAGENOMIC	PAIRED	BGISEQ	DNBSEQ-T7	C7FBF6DD1120F8368A85023079067419	64045C38F130EBD0227157A1C3E29F59
A61	market_west_Jan1	West|7|20-22-24	market_metagenome	SRR23971510	212379427	224953909	44990781800	224953909	200	https://sra-pub-run-odp.s3.amazonaws.com/sra/SRR23971510/SRR23971510	Env_0061	Env_0061	RNA-Seq	METAGENOMIC	PAIRED	BGISEQ	DNBSEQ-T7	6DFF6FF90F5024497FF11E8E73855926	74464D6EBFA9D2EBA158D44D9603190B
A55	market_west_Jan1	West|7|25	market_metagenome	SRR23971509	112193854	125758092	25151618400	125758092	200	https://sra-pub-run-odp.s3.amazonaws.com/sra/SRR23971509/SRR23971509	Env_0055	Env_0055	RNA-Seq	METAGENOMIC	PAIRED	BGISEQ	DNBSEQ-T7	C4AE1F87C1C42FDBCCE4326BCC974FF3	2C551623BDD667ED12B20FC7B73EEF54
7-26-BX	market_west_late	West|7|26	market_metagenome	SRR23971544	74388854	158014922	31602984400	158014922	200	https://sra-pub-run-odp.s3.amazonaws.com/sra/SRR23971544/SRR23971544	Env_0705	Env_0705	RNA-Seq	METAGENOMIC	PAIRED	BGISEQ	DNBSEQ-T7	E493BC971D4A92F1BB6CFAA54291B4B4	5AA1C1D27B9758F2F7D24A4D6B8F1CEB
7-26-PSW	market_west_late	West|7|26	market_metagenome	SRR23971546	70587026	227793778	45558755600	227793778	200	https://sra-pub-run-odp.s3.amazonaws.com/sra/SRR23971546/SRR23971546	Env_0707	Env_0707	RNA-Seq	METAGENOMIC	PAIRED	BGISEQ	DNBSEQ-T7	6A6000F9DE87E21559B774688F429FB6	E71841874F9981B63FF66CF594A00335
7-26-PSN	market_west_late	West|7|26	market_metagenome	SRR23971547	108475394	224304279	44860855800	224304279	200	https://sra-pub-run-odp.s3.amazonaws.com/sra/SRR23971547/SRR23971547	Env_0708	Env_0708	RNA-Seq	METAGENOMIC	PAIRED	BGISEQ	DNBSEQ-T7	48909E132BF24732E52FDF67AC450558	764DC836C38D98E8B8CD7CBD390A5989
7-26-DH	market_west_late	West|7|26	market_metagenome	SRR23971548	198881855	310965098	62193019600	310965098	200	https://sra-pub-run-odp.s3.amazonaws.com/sra/SRR23971548/SRR23971548	Env_0712	Env_0712	RNA-Seq	METAGENOMIC	PAIRED	BGISEQ	DNBSEQ-T7	97D0395C11643BA24C6F6E89CAD3F851	EBE1182BD1DDC4DB88C82157A2C9C843
1-27-28	market_west_drain	West|7|34	market_metagenome	SRR23971433	48750068	145238971	29047794200	145238971	200	https://sra-pub-run-odp.s3.amazonaws.com/sra/SRR23971433/SRR23971433	Env_0657	Env_0657	RNA-Seq	METAGENOMIC	PAIRED	BGISEQ	DNBSEQ-T7	DC0A6A5E88DD640CFAA957A32A204C12	5E12802D306B7D33CA8703A8DCB240F5
A33	market_west_Jan1	West|7|NA	market_metagenome	SRR23971508	89364726	90644269	18128853800	90644269	200	https://sra-pub-run-odp.s3.amazonaws.com/sra/SRR23971508/SRR23971508	Env_0033	Env_0033	RNA-Seq	METAGENOMIC	PAIRED	BGISEQ	DNBSEQ-T7	E786F03B8665A905E20A776A78D055F3	71562E86E8D87E71DB937E4553E6FDB5
W-8-25-D2	single_end_duplicate	West|8|25	market_metagenome	SRR23971427	171803432	181786282	9089314100	0	50	https://sra-pub-run-odp.s3.amazonaws.com/sra/SRR23971427/SRR23971427	Env_0807_SE	Env_0807	RNA-Seq	METAGENOMIC	SINGLE	BGISEQ	DNBSEQ-T7	72D75CCD6C9BD48E8AA7FEE195C64423	22D84DC777F7A5EF670DED89F47923C4
Q37	market_825	West|8|25	market_metagenome	SRR23971448	87210521	106545428	4581453404	0	43	https://sra-pub-run-odp.s3.amazonaws.com/sra/SRR23971448/SRR23971448	Env_0552	Env_0552	RNA-Seq	METAGENOMIC	SINGLE	BGISEQ	DNBSEQ-T7	2A16AF1802577E88D3EA64281ACE7C7F	18D7A1E89CED9D7DF04DA86DCB8662E4
8-25-M1	market_825_late	West|8|25	market_metagenome	SRR23971456	40991025	224068090	44813618000	224068090	200	https://sra-pub-run-odp.s3.amazonaws.com/sra/SRR23971456/SRR23971456	Env_0719	Env_0719	RNA-Seq	METAGENOMIC	PAIRED	BGISEQ	DNBSEQ-T7	9EE71F7D72019A7D2F71A2095928C79A	C12109B1E51E6E03F2BB9AFC57F49F23
W-8-25-D1	market_825_late	West|8|25	market_metagenome	SRR23971461	218136505	286664351	14333217550	0	50	https://sra-pub-run-odp.s3.amazonaws.com/sra/SRR23971461/SRR23971461	Env_0806	Env_0806	RNA-Seq	METAGENOMIC	SINGLE	BGISEQ	DNBSEQ-T7	D3447FD7FA71D5E985A8F7C26F506D5C	F2E57299DFDF44921773BCD4E5AD7807
W-8-25-D2	market_825_late	West|8|25	market_metagenome	SRR23971462	74411331	74578401	14915680200	74578401	200	https://sra-pub-run-odp.s3.amazonaws.com/sra/SRR23971462/SRR23971462	Env_0807	Env_0807	RNA-Seq	METAGENOMIC	PAIRED	BGISEQ	DNBSEQ-T7	11A72396209140F922CC6077BFC7E1AE	CB26766CF660C7FB83E9A8B1D1E8515E
HJ200031-20200112-1	market_825	West|8|25	market_metagenome	SRR23971469	97554709	119825994	5152517742	0	43	https://sra-pub-run-odp.s3.amazonaws.com/sra/SRR23971469/SRR23971469	Env_0546	Env_0546	RNA-Seq	METAGENOMIC	SINGLE	BGISEQ	DNBSEQ-T7	0873FF20E700AE64E8ADDE3E4E8D5ABC	D018496F50790839F39B948448037462
HJ200032-20200112-1	market_825	West|8|25	market_metagenome	SRR23971470	82056296	140059362	6022552566	0	43	https://sra-pub-run-odp.s3.amazonaws.com/sra/SRR23971470/SRR23971470	Env_0547	Env_0547	RNA-Seq	METAGENOMIC	SINGLE	BGISEQ	DNBSEQ-T7	54BA4A79F76DA93B95D68F2A0F547162	489654A2F73F3370DE7C8DB4AD45A0A0
HJ200033-20200112-1	market_825	West|8|25	market_metagenome	SRR23971471	96934018	116117847	4993067421	0	43	https://sra-pub-run-odp.s3.amazonaws.com/sra/SRR23971471/SRR23971471	Env_0548	Env_0548	RNA-Seq	METAGENOMIC	SINGLE	BGISEQ	DNBSEQ-T7	2F80CC9A0E93BA5269AB6EAE832EDF5D	DFB032B693BC45F89FF7FABE01602181
HJ200034-20200112-1	market_825	West|8|25	market_metagenome	SRR23971472	32017433	148630458	6391109694	0	43	https://sra-pub-run-odp.s3.amazonaws.com/sra/SRR23971472/SRR23971472	Env_0549	Env_0549	RNA-Seq	METAGENOMIC	SINGLE	BGISEQ	DNBSEQ-T7	56C44E064A190B836CEF7412DCE39B60	09090D13F0CE27E5E9655FB66565A2B8
HJ200035-20200112-1	market_825	West|8|25	market_metagenome	SRR23971474	55499490	114656800	4930242400	0	43	https://sra-pub-run-odp.s3.amazonaws.com/sra/SRR23971474/SRR23971474	Env_0550	Env_0550	RNA-Seq	METAGENOMIC	SINGLE	BGISEQ	DNBSEQ-T7	9C9A694914D6AB6C720F56D744117567	1A718E9674161C418402E79B84D07FCF
HJ200036-20200112-1	market_825	West|8|25	market_metagenome	SRR23971475	221477181	229948912	9887803216	0	43	https://sra-pub-run-odp.s3.amazonaws.com/sra/SRR23971475/SRR23971475	Env_0551	Env_0551	RNA-Seq	METAGENOMIC	SINGLE	BGISEQ	DNBSEQ-T7	9BAE1844E86D8A8A41F160A4A1FEB147	FE45F66F7A4DADB6D78BBDA36EBE4C94
HJ200038-20200112-1	market_825	West|8|25	market_metagenome	SRR23971476	86410197	151880283	6530852169	0	43	https://sra-pub-run-odp.s3.amazonaws.com/sra/SRR23971476/SRR23971476	Env_0553	Env_0553	RNA-Seq	METAGENOMIC	SINGLE	BGISEQ	DNBSEQ-T7	4C225AE0DB22C727F5225FA494F4FF7B	5C0B3649E13FD533250FF22F1F6B98EE
HJ200039-20200112-1	market_825	West|8|25	market_metagenome	SRR23971477	115130679	142286542	6118321306	0	43	https://sra-pub-run-odp.s3.amazonaws.com/sra/SRR23971477/SRR23971477	Env_0554	Env_0554	RNA-Seq	METAGENOMIC	SINGLE	BGISEQ	DNBSEQ-T7	6BDE77778A54FE1BDB4CCB65A0611855	F278093060CE88000FB70D62FECAC3A3
HJ200040-20200112-1	market_825	West|8|25	market_metagenome	SRR23971478	138533031	148189843	6372163249	0	43	https://sra-pub-run-odp.s3.amazonaws.com/sra/SRR23971478/SRR23971478	Env_0555	Env_0555	RNA-Seq	METAGENOMIC	SINGLE	BGISEQ	DNBSEQ-T7	E01266FD30D7D8CBE5C1FFC9FC732346	3A61762E9457EEDBF0A3CD7631EB3105
W-8-25-L	market_825_late	West|8|25	market_metagenome	SRR23971490	248738539	288091423	14404571150	0	50	https://sra-pub-run-odp.s3.amazonaws.com/sra/SRR23971490/SRR23971490	Env_0808	Env_0808	RNA-Seq	METAGENOMIC	SINGLE	BGISEQ	DNBSEQ-T7	B729BA526276FE11064082475A96ED49	865B55233ED3799F58A107FB11C59672
W-8-25-L2	market_825_late	West|8|25	market_metagenome	SRR23971491	75833422	75916569	15183313800	75916569	200	https://sra-pub-run-odp.s3.amazonaws.com/sra/SRR23971491/SRR23971491	Env_0809	Env_0809	RNA-Seq	METAGENOMIC	PAIRED	BGISEQ	DNBSEQ-T7	2D670C71F2065C2FAC4D242BC4D157DD	EED52752F03004DFA0D710C183FC3140
CCDC-760	market_825_late	West|8|25	market_metagenome	SRR23971522	123926667	124104708	24820941600	124104708	200	https://sra-pub-run-odp.s3.amazonaws.com/sra/SRR23971522/SRR23971522	Env_0909	Env_0909	RNA-Seq	METAGENOMIC	PAIRED	BGISEQ	DNBSEQ-T7	2B85A7195A7F527C4C2B5D0422B37061	C21611040141064B52E8A089B483C95B
W-8-25-L2	single_end_duplicate	West|8|25	market_metagenome	SRR23971545	87425468	159842119	7992105950	0	50	https://sra-pub-run-odp.s3.amazonaws.com/sra/SRR23971545/SRR23971545	Env_0809_SE	Env_0809	RNA-Seq	METAGENOMIC	SINGLE	BGISEQ	DNBSEQ-T7	08A6EDF65A0758F4606B41EB2637FE07	88AC28189B3C5BE8E7B0A12925291AC5
8-25-BX	market_825_late	West|8|25	market_metagenome	SRR23971549	3459781	536367626	107273525200	536367626	200	https://sra-pub-run-odp.s3.amazonaws.com/sra/SRR23971549/SRR23971549	Env_0714	Env_0714	RNA-Seq	METAGENOMIC	PAIRED	BGISEQ	DNBSEQ-T7	1BA6F96C4DABB828CC2CEAFB822BAD9A	6B6CC14FE2B92A430371545241ADD32A
8-25-D_2	market_825_late	West|8|25	market_metagenome	SRR23971550	117586070	117686686	23537337200	117686686	200	https://sra-pub-run-odp.s3.amazonaws.com/sra/SRR23971550/SRR23971550	Env_0715	Env_0715	RNA-Seq	METAGENOMIC	PAIRED	BGISEQ	DNBSEQ-T7	C631FA4B0EB47DB69B6DF8D33FF7BD57	978DC783274810F17FFD89690AE9E3BB
8-25-CK	market_825_late	West|8|25	market_metagenome	SRR23971551	17119336	740249238	148049847600	740249238	200	https://sra-pub-run-odp.s3.amazonaws.com/sra/SRR23971551/SRR23971551	Env_0716	Env_0716	RNA-Seq	METAGENOMIC	PAIRED	BGISEQ	DNBSEQ-T7	1FEB58A99FD83029169343F83B1A22E0	16BB2D6D6180D2A2F16DE43E0CDAAFAA
8-25-M2	market_825_late	West|8|25	market_metagenome	SRR23971552	196128422	821540848	164308169600	0	200	https://sra-pub-run-odp.s3.amazonaws.com/sra/SRR23971552/SRR23971552	Env_0720	Env_0720	RNA-Seq	METAGENOMIC	PAIRED	BGISEQ	DNBSEQ-T7	B19DE7C5D0C456A6FF6E5ECC5F71646C	B94787284B18C594DC2B7DEF409B4D0B
8-25-D1	market_825_late	West|8|25	market_metagenome	SRR23971555	3178473	547750004	109550000800	547750004	200	https://sra-pub-run-odp.s3.amazonaws.com/sra/SRR23971555/SRR23971555	Env_0753	Env_0753	RNA-Seq	METAGENOMIC	PAIRED	BGISEQ	DNBSEQ-T7	5343AD0ED13B6B6E09D738630DB92CDD	92792782E302CEB173F95F86D0375F2E
8-25-D2	market_825_late	West|8|25	market_metagenome	SRR23971557	41223440	41448879	8289775800	41448879	200	https://sra-pub-run-odp.s3.amazonaws.com/sra/SRR23971557/SRR23971557	Env_0754	Env_0754	RNA-Seq	METAGENOMIC	PAIRED	BGISEQ	DNBSEQ-T7	18174B26FA0B44CBE4C4CDCAD5737273	9A01C993C53EB1FFBABA3E8188E6AD72
8-25-Long	market_825_late	West|8|25	market_metagenome	SRR23971558	142296290	142719167	28543833400	142719167	200	https://sra-pub-run-odp.s3.amazonaws.com/sra/SRR23971558/SRR23971558	Env_0756	Env_0756	RNA-Seq	METAGENOMIC	PAIRED	BGISEQ	DNBSEQ-T7	F74E00820EE9FDC514AD9F288715382E	BE783372DCEFEB82AD079FA9EAE262C4
8-25-D	market_825_late	West|8|25	market_metagenome	SRR23971587	1262502	892638930	178527786000	0	200	https://sra-pub-run-odp.s3.amazonaws.com/sra/SRR23971587/SRR23971587	Env_0717	Env_0717	RNA-Seq	METAGENOMIC	PAIRED	BGISEQ	DNBSEQ-T7	FD5383FDD24520507CC68AF1F2EEAD10	8A4976D2541E628E8BE4AA0601DEEA6C
CCDC-758	market_825_late	West|8|25	market_metagenome	SRR23971588	58766993	59094633	11818926600	59094633	200	https://sra-pub-run-odp.s3.amazonaws.com/sra/SRR23971588/SRR23971588	Env_0907	Env_0907	RNA-Seq	METAGENOMIC	PAIRED	BGISEQ	DNBSEQ-T7	43B05CA6157C6187E5B3DB4CE04272EA	A213082494631C560CD942D8707D68CB
HJ200050-20200112-1	market_stall_wildlife	West|8|36-38	market_metagenome	SRR23971410	100151994	105753979	4547421097	0	43	https://sra-pub-run-odp.s3.amazonaws.com/sra/SRR23971410/SRR23971410	Env_0565	Env_0565	RNA-Seq	METAGENOMIC	SINGLE	BGISEQ	DNBSEQ-T7	658181D04FC81CA11D8926375D5A3205	F37CA5E60DA7FEBB5004DBB7BF4477AD
HJ200041-20200112-1	market_stall_wildlife	West|8|36-38	market_metagenome	SRR23971479	95054592	175898966	7563655538	0	43	https://sra-pub-run-odp.s3.amazonaws.com/sra/SRR23971479/SRR23971479	Env_0556	Env_0556	RNA-Seq	METAGENOMIC	SINGLE	BGISEQ	DNBSEQ-T7	ED548888D6D3B2FF86DA3B5C5F0A470B	4D914334E0C8724C2F9FECF258EFC912
HJ200042-20200112-1	market_stall_wildlife	West|8|36-38	market_metagenome	SRR23971480	186528713	197873948	8508579764	0	43	https://sra-pub-run-odp.s3.amazonaws.com/sra/SRR23971480/SRR23971480	Env_0557	Env_0557	RNA-Seq	METAGENOMIC	SINGLE	BGISEQ	DNBSEQ-T7	2408F0D4ABF5D6820CFDB4F6AE989B6A	4C1CA3FF1345CC543C74A84F7D7490C8
HJ200043-20200112-1	market_stall_wildlife	West|8|36-38	market_metagenome	SRR23971481	67496932	183054104	7871326472	0	43	https://sra-pub-run-odp.s3.amazonaws.com/sra/SRR23971481/SRR23971481	Env_0558	Env_0558	RNA-Seq	METAGENOMIC	SINGLE	BGISEQ	DNBSEQ-T7	A923F269E2F1C9D2590C5BB7287821EC	86044B9BF2B1CF2844393930049929CE
HJ200044-20200112-1	market_stall_wildlife	West|8|36-38	market_metagenome	SRR23971482	116493113	133367538	5734804134	0	43	https://sra-pub-run-odp.s3.amazonaws.com/sra/SRR23971482/SRR23971482	Env_0559	Env_0559	RNA-Seq	METAGENOMIC	SINGLE	BGISEQ	DNBSEQ-T7	5075A3982D62EC53430797655C5FDE8F	DA654A3FE709E75054AEA660501FAD9A
HJ200045-20200112-1	market_stall_wildlife	West|8|36-38	market_metagenome	SRR23971483	72305532	105882981	4552968183	0	43	https://sra-pub-run-odp.s3.amazonaws.com/sra/SRR23971483/SRR23971483	Env_0560	Env_0560	RNA-Seq	METAGENOMIC	SINGLE	BGISEQ	DNBSEQ-T7	C6AB6681A8A89BD19126C59E18599405	6F933021277E56156E8EDD9C6448F6B3
HJ200046-20200112-1	market_stall_wildlife	West|8|36-38	market_metagenome	SRR23971485	101393995	121910404	5242147372	0	43	https://sra-pub-run-odp.s3.amazonaws.com/sra/SRR23971485/SRR23971485	Env_0561	Env_0561	RNA-Seq	METAGENOMIC	SINGLE	BGISEQ	DNBSEQ-T7	15F1D0623AA5A7300C02BBE14327C87A	D0A47E2CAC178F10AA1FD5A4CE7B823D
HJ200047-20200112-1	market_stall_wildlife	West|8|36-38	market_metagenome	SRR23971486	136296404	151986733	6535429519	0	43	https://sra-pub-run-odp.s3.amazonaws.com/sra/SRR23971486/SRR23971486	Env_0562	Env_0562	RNA-Seq	METAGENOMIC	SINGLE	BGISEQ	DNBSEQ-T7	0A29F9F9E76A89CED7FA2C1FFDC58996	64846A5789B5C6A583ED4823FBD79720
HJ200048-20200112-1	market_stall_wildlife	West|8|36-38	market_metagenome	SRR23971487	104999586	123232053	5298978279	0	43	https://sra-pub-run-odp.s3.amazonaws.com/sra/SRR23971487/SRR23971487	Env_0563	Env_0563	RNA-Seq	METAGENOMIC	SINGLE	BGISEQ	DNBSEQ-T7	9247B3B5C3CDD9439969370ABF0EC528	F4A0293E99F0EDB3BA78B6349F88F8D0
HJ200049-20200112-1	market_stall_wildlife	West|8|36-38	market_metagenome	SRR23971488	101343674	123180392	5296756856	0	43	https://sra-pub-run-odp.s3.amazonaws.com/sra/SRR23971488/SRR23971488	Env_0564	Env_0564	RNA-Seq	METAGENOMIC	SINGLE	BGISEQ	DNBSEQ-T7	47FF4DD1AC51C08EE0BEB48CC36B77D0	08EEEACD344FA5CB661C47D44EFD2614
HJ200051-20200112-1	market_stall_wildlife	West|8|37	market_metagenome	SRR23971411	115628526	115961889	4986361227	0	43	https://sra-pub-run-odp.s3.amazonaws.com/sra/SRR23971411/SRR23971411	Env_0566	Env_0566	RNA-Seq	METAGENOMIC	SINGLE	BGISEQ	DNBSEQ-T7	E1E25579F3C645D655F5E56D44653D6A	623291D03696E3D4D045AC5B84F97886
HJ200052-20200112-1	market_stall_wildlife	West|8|37	market_metagenome	SRR23971412	128960359	154033234	6623429062	0	43	https://sra-pub-run-odp.s3.amazonaws.com/sra/SRR23971412/SRR23971412	Env_0567	Env_0567	RNA-Seq	METAGENOMIC	SINGLE	BGISEQ	DNBSEQ-T7	ED2F2A7DA4B4594EE295BBC78848D903	A763A491F9F681A1F6FAC25AF0FEF502
HJ200053-20200112-1	market_stall_wildlife	West|8|37	market_metagenome	SRR23971413	111772674	126620146	5444666278	0	43	https://sra-pub-run-odp.s3.amazonaws.com/sra/SRR23971413/SRR23971413	Env_0568	Env_0568	RNA-Seq	METAGENOMIC	SINGLE	BGISEQ	DNBSEQ-T7	A1F4764679FFF09DFAAC6A8A661D094D	D1726C701D2505D09DA7864C3C445DDB
HJ200054-20200112-1	market_stall_wildlife	West|8|37	market_metagenome	SRR23971414	156925853	160051173	6882200439	0	43	https://sra-pub-run-odp.s3.amazonaws.com/sra/SRR23971414/SRR23971414	Env_0569	Env_0569	RNA-Seq	METAGENOMIC	SINGLE	BGISEQ	DNBSEQ-T7	4BDBBEF2DBD72AC0A2D0CA35664CB962	66C99842270A2E4CC0143153868CF49D
HJ200055-20200112-1	market_stall_wildlife	West|8|37	market_metagenome	SRR23971415	89430555	105808973	4549785839	0	43	https://sra-pub-run-odp.s3.amazonaws.com/sra/SRR23971415/SRR23971415	Env_0570	Env_0570	RNA-Seq	METAGENOMIC	SINGLE	BGISEQ	DNBSEQ-T7	6FABAAED5C9723D47EC932B564724EBB	57FB881217F46624941A829C8710FBA7
HJ200056-20200112-1	market_stall_wildlife	West|8|37	market_metagenome	SRR23971417	165786107	189379769	8143330067	0	43	https://sra-pub-run-odp.s3.amazonaws.com/sra/SRR23971417/SRR23971417	Env_0571	Env_0571	RNA-Seq	METAGENOMIC	SINGLE	BGISEQ	DNBSEQ-T7	68801EEFFD63DF4992FD0081E864AA0B	D264F5D2F205E8A9F5D008CC9519446C
HJ200057-20200112-1	market_stall_wildlife	West|8|37	market_metagenome	SRR23971418	106121514	113160785	4865913755	0	43	https://sra-pub-run-odp.s3.amazonaws.com/sra/SRR23971418/SRR23971418	Env_0572	Env_0572	RNA-Seq	METAGENOMIC	SINGLE	BGISEQ	DNBSEQ-T7	B43BD0274C141CF7669F67C11253AE9B	EFAB661F0731C3CBD0EC39F2C17DCDCE
HJ200058-20200112-1	market_stall_wildlife	West|8|37	market_metagenome	SRR23971419	256871597	271738868	11684771324	0	43	https://sra-pub-run-odp.s3.amazonaws.com/sra/SRR23971419/SRR23971419	Env_0573	Env_0573	RNA-Seq	METAGENOMIC	SINGLE	BGISEQ	DNBSEQ-T7	B1CD09131A1A8DCBE7F11E139640E690	C36521B77C387DDDA99453B55AC58DE6
HJ200059-20200112-1	market_stall_wildlife	West|8|37	market_metagenome	SRR23971420	245910866	254572241	10946606363	0	43	https://sra-pub-run-odp.s3.amazonaws.com/sra/SRR23971420/SRR23971420	Env_0574	Env_0574	RNA-Seq	METAGENOMIC	SINGLE	BGISEQ	DNBSEQ-T7	08BD2ADB0FCBA39DB1B0EDFE02FE7F94	14EFBCEC714284C741726109D7F2AAE7
HJ200060-20200112-1	market_stall_wildlife	West|8|37	market_metagenome	SRR23971421	174745552	180300472	7752920296	0	43	https://sra-pub-run-odp.s3.amazonaws.com/sra/SRR23971421/SRR23971421	Env_0575	Env_0575	RNA-Seq	METAGENOMIC	SINGLE	BGISEQ	DNBSEQ-T7	5C84892F79F6D8ED6E18C2E0B06FA088	BF580A72E1FF87BF165BFE1C80B060ED
CCDC-454	market_stall_wildlife_late	West|9|34	market_metagenome	SRR23971442	120057028	120296839	24059367800	120296839	200	https://sra-pub-run-odp.s3.amazonaws.com/sra/SRR23971442/SRR23971442	Env_0873	Env_0873	RNA-Seq	METAGENOMIC	PAIRED	BGISEQ	DNBSEQ-T7	88B8D680896BF8A3D653351110862FCF	6299996D1CC6C3415F8C1D2034CF0165
HJ200001-20200112-1	market_stall_wildlife	West|9|34-36	market_metagenome	SRR23971518	97898134	116413586	5005784198	0	43	https://sra-pub-run-odp.s3.amazonaws.com/sra/SRR23971518/SRR23971518	Env_0516	Env_0516	RNA-Seq	METAGENOMIC	SINGLE	BGISEQ	DNBSEQ-T7	1A1B21548D38E47B7E5BD5A458A8D683	BA7D76E863D36698373C8611D0A6CB0D
HJ200002-20200112-1	market_stall_wildlife	West|9|34-36	market_metagenome	SRR23971519	225334136	231135586	9938830198	0	43	https://sra-pub-run-odp.s3.amazonaws.com/sra/SRR23971519/SRR23971519	Env_0517	Env_0517	RNA-Seq	METAGENOMIC	SINGLE	BGISEQ	DNBSEQ-T7	1E34A296540D69FDFAF4A984FA81B18D	941D0DD6CE85AC2DA25632E5F9CF66F7
HJ200003-20200112-1	market_stall_wildlife	West|9|34-36	market_metagenome	SRR23971520	106816380	120833173	5195826439	0	43	https://sra-pub-run-odp.s3.amazonaws.com/sra/SRR23971520/SRR23971520	Env_0518	Env_0518	RNA-Seq	METAGENOMIC	SINGLE	BGISEQ	DNBSEQ-T7	8462D3003C949A4D7CABAC8ED176D33E	572124F2D7625B50A62C04076F89A155
HJ200004-20200112-1	market_stall_wildlife	West|9|34-36	market_metagenome	SRR23971521	216187734	227313012	9774459516	0	43	https://sra-pub-run-odp.s3.amazonaws.com/sra/SRR23971521/SRR23971521	Env_0519	Env_0519	RNA-Seq	METAGENOMIC	SINGLE	BGISEQ	DNBSEQ-T7	F9A7CF5DE99F3A8D9CBC7A228E7CFF16	DE6E04C272699B6C9C7A0AF7536A36FF
HJ200005-20200112-1	market_stall_wildlife	West|9|34-36	market_metagenome	SRR23971523	93569403	115311032	4958374376	0	43	https://sra-pub-run-odp.s3.amazonaws.com/sra/SRR23971523/SRR23971523	Env_0520	Env_0520	RNA-Seq	METAGENOMIC	SINGLE	BGISEQ	DNBSEQ-T7	D0D895829F9200711A27F6AA28E11444	97B7CF6E080082081D1E53CB3658BF27
HJ200006-20200112-1	market_stall_wildlife	West|9|34-36	market_metagenome	SRR23971524	79180940	128838556	5540057908	0	43	https://sra-pub-run-odp.s3.amazonaws.com/sra/SRR23971524/SRR23971524	Env_0521	Env_0521	RNA-Seq	METAGENOMIC	SINGLE	BGISEQ	DNBSEQ-T7	24A74B20E371594B7BDDAE115DC05D2F	EBF1F690DA57852C76E0006D5FEC0446
HJ200007-20200112-1	market_stall_wildlife	West|9|34-36	market_metagenome	SRR23971525	79353606	136838931	5884074033	0	43	https://sra-pub-run-odp.s3.amazonaws.com/sra/SRR23971525/SRR23971525	Env_0522	Env_0522	RNA-Seq	METAGENOMIC	SINGLE	BGISEQ	DNBSEQ-T7	5D06B970B56A5C73EBDC7CBEAE6368EB	6A4A2932FFD0A704F3C187F655731D6D
HJ200008-20200112-1	market_stall_wildlife	West|9|34-36	market_metagenome	SRR23971526	146491392	152542047	6559308021	0	43	https://sra-pub-run-odp.s3.amazonaws.com/sra/SRR23971526/SRR23971526	Env_0523	Env_0523	RNA-Seq	METAGENOMIC	SINGLE	BGISEQ	DNBSEQ-T7	43FE3DA65C40068A7D5D85027CD14626	CEBEAB797ADB84E3BC44B9B66792E42C
HJ200009-20200112-1	market_stall_wildlife	West|9|34-36	market_metagenome	SRR23971527	101063052	149941267	6447474481	0	43	https://sra-pub-run-odp.s3.amazonaws.com/sra/SRR23971527/SRR23971527	Env_0524	Env_0524	RNA-Seq	METAGENOMIC	SINGLE	BGISEQ	DNBSEQ-T7	6958B0EABAE8761307ACA1C1E5C3F6F9	D3F9BE683077B08C4A594F470960271D
HJ200010-20200112-1	market_stall_wildlife	West|9|34-36	market_metagenome	SRR23971528	140254650	147884404	6359029372	0	43	https://sra-pub-run-odp.s3.amazonaws.com/sra/SRR23971528/SRR23971528	Env_0525	Env_0525	RNA-Seq	METAGENOMIC	SINGLE	BGISEQ	DNBSEQ-T7	7DD962685E798B487827FD737652DCFB	E317331761F8BA3B6E20F0D320036F56
HJ200025-20200112-1	market_stall_wildlife	West|9|35-37	market_metagenome	SRR23971463	64801347	122867989	5283323527	0	43	https://sra-pub-run-odp.s3.amazonaws.com/sra/SRR23971463/SRR23971463	Env_0540	Env_0540	RNA-Seq	METAGENOMIC	SINGLE	BGISEQ	DNBSEQ-T7	875B59ED441F8B1C35169A34D8B75DEC	C1C2808CC3992277F78DE7D1F25C6D74
HJ200026-20200112-1	market_stall_wildlife	West|9|35-37	market_metagenome	SRR23971464	100739415	117079835	5034432905	0	43	https://sra-pub-run-odp.s3.amazonaws.com/sra/SRR23971464/SRR23971464	Env_0541	Env_0541	RNA-Seq	METAGENOMIC	SINGLE	BGISEQ	DNBSEQ-T7	F18A313C6DB8FAC0CCBA00C5E49B1518	09BCA1D1210E14E70C06625903EF9441
HJ200027-20200112-1	market_stall_wildlife	West|9|35-37	market_metagenome	SRR23971465	83626687	130295351	5602700093	0	43	https://sra-pub-run-odp.s3.amazonaws.com/sra/SRR23971465/SRR23971465	Env_0542	Env_0542	RNA-Seq	METAGENOMIC	SINGLE	BGISEQ	DNBSEQ-T7	46E4693391B62AD2AB408B84578E851C	CEE02929DBCBFBAFF71872E712BEADE2
HJ200028-20200112-1	market_stall_wildlife	West|9|35-37	market_metagenome	SRR23971466	55615068	135722920	5836085560	0	43	https://sra-pub-run-odp.s3.amazonaws.com/sra/SRR23971466/SRR23971466	Env_0543	Env_0543	RNA-Seq	METAGENOMIC	SINGLE	BGISEQ	DNBSEQ-T7	9412269089A6CCF8F68B9A8E44885084	29C43A86A8CF360BD0E52E9F5722D008
HJ200029-20200112-1	market_stall_wildlife	West|9|35-37	market_metagenome	SRR23971467	62950557	93556100	4022912300	0	43	https://sra-pub-run-odp.s3.amazonaws.com/sra/SRR23971467/SRR23971467	Env_0544	Env_0544	RNA-Seq	METAGENOMIC	SINGLE	BGISEQ	DNBSEQ-T7	98D507B509EDF3C915AE465B16E21B40	D5CA369A38F7B3BB16CC25F50E48A37C
HJ200030-20200112-1	market_stall_wildlife	West|9|35-37	market_metagenome	SRR23971468	106791024	133794408	5753159544	0	43	https://sra-pub-run-odp.s3.amazonaws.com/sra/SRR23971468/SRR23971468	Env_0545	Env_0545	RNA-Seq	METAGENOMIC	SINGLE	BGISEQ	DNBSEQ-T7	E4475601EFF72E4B30929CD63507FF99	DBCDD4C073800F38068652F83B4BEABD
HJ200021-20200112-1	market_stall_wildlife	West|9|35-37	market_metagenome	SRR23971540	77390009	100441005	4318963215	0	43	https://sra-pub-run-odp.s3.amazonaws.com/sra/SRR23971540/SRR23971540	Env_0536	Env_0536	RNA-Seq	METAGENOMIC	SINGLE	BGISEQ	DNBSEQ-T7	27F343E19864939F8559FE759D82DC38	642D442B4169BFFD2B5D96A51291D90E
HJ200022-20200112-1	market_stall_wildlife	West|9|35-37	market_metagenome	SRR23971541	119872954	135591538	5830436134	0	43	https://sra-pub-run-odp.s3.amazonaws.com/sra/SRR23971541/SRR23971541	Env_0537	Env_0537	RNA-Seq	METAGENOMIC	SINGLE	BGISEQ	DNBSEQ-T7	5CA471EEF53B32B84364C2BCD3DAA370	585AEAA9994828009F192C85B5693A13
HJ200023-20200112-1	market_stall_wildlife	West|9|35-37	market_metagenome	SRR23971542	48897084	128357888	5519389184	0	43	https://sra-pub-run-odp.s3.amazonaws.com/sra/SRR23971542/SRR23971542	Env_0538	Env_0538	RNA-Seq	METAGENOMIC	SINGLE	BGISEQ	DNBSEQ-T7	FC1408680E946F0305F30D706B3143E2	B97CDD4C1AB6E79552A12D89441B84E3
HJ200024-20200112-1	market_stall_wildlife	West|9|35-37	market_metagenome	SRR23971589	77372363	100491175	4321120525	0	43	https://sra-pub-run-odp.s3.amazonaws.com/sra/SRR23971589/SRR23971589	Env_0539	Env_0539	RNA-Seq	METAGENOMIC	SINGLE	BGISEQ	DNBSEQ-T7	0B42A003C0A1B092408AC5E04C690AEB	68402D8D4CD8AAA795818AF096427391
HJ200011-20200112-1	market_stall_wildlife	West|9|38	market_metagenome	SRR23971529	39012862	191240048	8223322064	0	43	https://sra-pub-run-odp.s3.amazonaws.com/sra/SRR23971529/SRR23971529	Env_0526	Env_0526	RNA-Seq	METAGENOMIC	SINGLE	BGISEQ	DNBSEQ-T7	BF9A6EC15318E707178C2DA38FD2FDBE	D0CD899163190756178627B91A283054
HJ200012-20200112-1	market_stall_wildlife	West|9|38	market_metagenome	SRR23971530	91778651	130340061	5604622623	0	43	https://sra-pub-run-odp.s3.amazonaws.com/sra/SRR23971530/SRR23971530	Env_0527	Env_0527	RNA-Seq	METAGENOMIC	SINGLE	BGISEQ	DNBSEQ-T7	E476A957FE3CAECC67407094C738B6F8	914502D3CA7164C60C5D95BC8CD3618E
HJ200013-20200112-1	market_stall_wildlife	West|9|38	market_metagenome	SRR23971531	104812354	123280804	5301074572	0	43	https://sra-pub-run-odp.s3.amazonaws.com/sra/SRR23971531/SRR23971531	Env_0528	Env_0528	RNA-Seq	METAGENOMIC	SINGLE	BGISEQ	DNBSEQ-T7	7921E27A1C88EB2D2FEF6EC2902EAE3E	3A4E1848941BB7E7E627780790DA0E85
HJ200014-20200112-1	market_stall_wildlife	West|9|38	market_metagenome	SRR23971532	73398048	107473312	4621352416	0	43	https://sra-pub-run-odp.s3.amazonaws.com/sra/SRR23971532/SRR23971532	Env_0529	Env_0529	RNA-Seq	METAGENOMIC	SINGLE	BGISEQ	DNBSEQ-T7	AC870C15FD16B1888961400C0A89B02E	52F18081A67BF738B71E602614CB3FA8
HJ200015-20200112-1	market_stall_wildlife	West|9|38	market_metagenome	SRR23971534	97097906	135398878	5822151754	0	43	https://sra-pub-run-odp.s3.amazonaws.com/sra/SRR23971534/SRR23971534	Env_0530	Env_0530	RNA-Seq	METAGENOMIC	SINGLE	BGISEQ	DNBSEQ-T7	F8A31161BEDF4C3CD90C1F4B96026A3B	9DC861298F7EA338A7B95753CD793735
HJ200016-20200112-1	market_stall_wildlife	West|9|38	market_metagenome	SRR23971535	92898160	116470371	5008225953	0	43	https://sra-pub-run-odp.s3.amazonaws.com/sra/SRR23971535/SRR23971535	Env_0531	Env_0531	RNA-Seq	METAGENOMIC	SINGLE	BGISEQ	DNBSEQ-T7	0A58465CD1C068835254E8D5D5161A80	21A6DA8808C549C348AA8A25CDE247BA
HJ200017-20200112-1	market_stall_wildlife	West|9|38	market_metagenome	SRR23971536	93287697	107424010	4619232430	0	43	https://sra-pub-run-odp.s3.amazonaws.com/sra/SRR23971536/SRR23971536	Env_0532	Env_0532	RNA-Seq	METAGENOMIC	SINGLE	BGISEQ	DNBSEQ-T7	5B7BACEF4D283FD44E30B574FB7B2612	1C938E32F6B357AA5F545D7E8EEBC577
HJ200018-20200112-1	market_stall_wildlife	West|9|38	market_metagenome	SRR23971537	57756289	138556572	5957932596	0	43	https://sra-pub-run-odp.s3.amazonaws.com/sra/SRR23971537/SRR23971537	Env_0533	Env_0533	RNA-Seq	METAGENOMIC	SINGLE	BGISEQ	DNBSEQ-T7	2FB976046EEED88A85B76264E8215DD3	7FF19B3CEED0847976906623FBDA2420
HJ200019-20200112-1	market_stall_wildlife	West|9|38	market_metagenome	SRR23971538	66198516	79774840	3430318120	0	43	https://sra-pub-run-odp.s3.amazonaws.com/sra/SRR23971538/SRR23971538	Env_0534	Env_0534	RNA-Seq	METAGENOMIC	SINGLE	BGISEQ	DNBSEQ-T7	D34D09F42AB88CD26934A11844630E54	C462919471D2FAF82259BA87F7A7F783
HJ200020-20200112-1	market_stall_wildlife	West|9|38	market_metagenome	SRR23971539	69383317	105976300	4556980900	0	43	https://sra-pub-run-odp.s3.amazonaws.com/sra/SRR23971539/SRR23971539	Env_0535	Env_0535	RNA-Seq	METAGENOMIC	SINGLE	BGISEQ	DNBSEQ-T7	AF8D90841BB44F06D7499CB31AAD16AD	CA8E1A075A34ED868E7892B21DD14C98
WS-1-1	market_sewage_west	West|NA|NA	sewage_metagenome	SRR23971457	182604700	196688747	39337749400	196688747	200	https://sra-pub-run-odp.s3.amazonaws.com/sra/SRR23971457/SRR23971457	Env_0742	Env_0742	RNA-Seq	METAGENOMIC	PAIRED	BGISEQ	DNBSEQ-T7	A2D7E7BD09A00F89BE6968127A3EF982	EBAA6D533A7EA7B8418A4B0BA9A39C08
WS-2-1	market_sewage_west	West|NA|NA	sewage_metagenome	SRR23971458	168030151	177640920	35528184000	177640920	200	https://sra-pub-run-odp.s3.amazonaws.com/sra/SRR23971458/SRR23971458	Env_0746	Env_0746	RNA-Seq	METAGENOMIC	PAIRED	BGISEQ	DNBSEQ-T7	EDCC0629B6F067A8FB5A6DC92345D1D2	B6D9ED0FFBE4566176B895E1ED8849CF
WS-2-3	market_sewage_west	West|NA|NA	sewage_metagenome	SRR23971459	64183589	74216910	14843382000	74216910	200	https://sra-pub-run-odp.s3.amazonaws.com/sra/SRR23971459/SRR23971459	Env_0748	Env_0748	RNA-Seq	METAGENOMIC	PAIRED	BGISEQ	DNBSEQ-T7	D8214E9C75B9A13B2F624C1F486F6FEB	E95579A175EA0D99CE161776C3DF2352
WWS-1#	market_sewage_west	West|NA|NA	sewage_metagenome	SRR23971494	212391090	254996099	12749804950	0	50	https://sra-pub-run-odp.s3.amazonaws.com/sra/SRR23971494/SRR23971494	Env_0816	Env_0816	RNA-Seq	METAGENOMIC	SINGLE	BGISEQ	DNBSEQ-T7	FB2BBA08D4F7547EC6CC3F528C721D02	C33AADC449766B95F0D4D10DE56AA4E0
WWS-1#-2	market_sewage_west	West|NA|NA	sewage_metagenome	SRR23971495	147038474	147156115	29431223000	147156115	200	https://sra-pub-run-odp.s3.amazonaws.com/sra/SRR23971495/SRR23971495	Env_0817	Env_0817	RNA-Seq	METAGENOMIC	PAIRED	BGISEQ	DNBSEQ-T7	08BBC5AF398A108153884F44CEDED797	ADB89C70F602CD8B134F918CC966C268
WWS-1#-3	market_sewage_west	West|NA|NA	sewage_metagenome	SRR23971496	295424614	330614411	16530720550	0	50	https://sra-pub-run-odp.s3.amazonaws.com/sra/SRR23971496/SRR23971496	Env_0818	Env_0818	RNA-Seq	METAGENOMIC	SINGLE	BGISEQ	DNBSEQ-T7	44ED6B46B8C9913F5F3A76A0D0E4A1F7	7A718E7C501A7F7DA2F823E52694FBA2
WWS-2#-3	market_sewage_west	West|NA|NA	sewage_metagenome	SRR23971497	227679926	343405501	17170275050	0	50	https://sra-pub-run-odp.s3.amazonaws.com/sra/SRR23971497/SRR23971497	Env_0821	Env_0821	RNA-Seq	METAGENOMIC	SINGLE	BGISEQ	DNBSEQ-T7	5E2D0C098BBE436DD3640E07B37DA61D	7102F14BFB3E601D191F945BCFFC8E2E
WWS-2#-2	market_sewage_west	West|NA|NA	sewage_metagenome	SRR23971514	107161779	107247402	21449480400	107247402	200	https://sra-pub-run-odp.s3.amazonaws.com/sra/SRR23971514/SRR23971514	Env_0820	Env_0820	RNA-Seq	METAGENOMIC	PAIRED	BGISEQ	DNBSEQ-T7	5CFA80359E0C90733F797356430D33C7	BF494B1C325E1F2ED8F73C2508E6642A
WWS-1#-2	single_end_duplicate	West|NA|NA	sewage_metagenome	SRR23971568	139051422	150314711	7515735550	0	50	https://sra-pub-run-odp.s3.amazonaws.com/sra/SRR23971568/SRR23971568	Env_0817_SE	Env_0817	RNA-Seq	METAGENOMIC	SINGLE	BGISEQ	DNBSEQ-T7	1124811E799474B85AFAEE3682FCBB9F	26E9E482D472E6D7FF1B4DEAFD708B5D
