"root","lineage","recCA","unconstrained"
"C8782T, T28144C","A","8120 (90.2%)","723 (8%)"
"T28144C","CC","539 (6%)","2654 (29.5%)"
"C8782T","TT","162 (1.8%)","218 (2.4%)"
"None","B","83 (0.9%)","5149 (57.2%)"
"C8782T, T28144C, C29095T","A","59 (0.7%)","0 (0%)"
"C8782T, C18060T, T28144C","A","26 (0.3%)","0 (0%)"
"C8782T, C24023T, T28144C","A","10 (0.1%)","0 (0%)"
"C8782T, T26729C, T28144C","A","3 (0%)","6 (0.1%)"
"C8782T, G28077C, T28144C","A","1 (0%)","3 (0%)"
"T4946C, C8782T, T28144C","A","1 (0%)","0 (0%)"
"A21137G","B","0 (0%)","1 (0%)"
"A24325G","B","0 (0%)","8 (0.1%)"
"A28305C","B","0 (0%)","1 (0%)"
"A8173T, C8782T, T20852A, C21997A, T28144C","A","0 (0%)","1 (0%)"
"C17288T","B","0 (0%)","1 (0%)"
"C17825T","B","0 (0%)","1 (0%)"
"C26370T","B","0 (0%)","2 (0%)"
"C27944T","B","0 (0%)","2 (0%)"
"C28093T","B","0 (0%)","1 (0%)"
"C4893T, C8782T, T22807C, T27986C, T28144C","A","0 (0%)","1 (0%)"
"C6968A","B","0 (0%)","96 (1.1%)"
"C6968A, T11764A","B","0 (0%)","17 (0.2%)"
"C8782T, T26729C, G28077C, T28144C","A","0 (0%)","3 (0%)"
"G1397A","B","0 (0%)","6 (0.1%)"
"G1397A, T28688C","B","0 (0%)","3 (0%)"
"G20670A","B","0 (0%)","7 (0.1%)"
"G20670A, G20679A","B","0 (0%)","3 (0%)"
"G20679A","B","0 (0%)","5 (0.1%)"
"G26144T","B","0 (0%)","1 (0%)"
"G28183A","B","0 (0%)","6 (0.1%)"
"G29573A","B","0 (0%)","1 (0%)"
"T11764A","B","0 (0%)","45 (0.5%)"
"T13270C","B","0 (0%)","1 (0%)"
"T27384C","B","0 (0%)","9 (0.1%)"
"T27384C, G29573A","B","0 (0%)","3 (0%)"
"T28688C","B","0 (0%)","3 (0%)"
"T565C","B","0 (0%)","9 (0.1%)"
"T565C, C17825T","B","0 (0%)","1 (0%)"
"T565C, G29573A","B","0 (0%)","1 (0%)"
"T565C, T27384C","B","0 (0%)","8 (0.1%)"
"T565C, T27384C, G29573A","B","0 (0%)","3 (0%)"
"T8294C, T28144C","CC","0 (0%)","1 (0%)"
